customers_affected,start_time,estimated_end_time,type_code,type,longitude,latitude,status_code,status,cause_code,cause,municipality_id,message_id,bis_version,pulled_at
1,2026-06-01 14:09:59,2026-06-02 00:00:00,P,Outage,-73.60731017693065,45.74854179357433,R,Crew en route,54,Accident or incident,6972,,20260601214006,2026-06-02 01:43:21
460,2026-06-01 14:03:34,2026-06-01 22:15:00,P,Outage,-73.89212238239314,45.92841524099748,L,Crew at work,54,Accident or incident,5790,,20260601214006,2026-06-02 01:43:21
1,2026-05-07 09:44:52,2026-06-02 10:15:00,P,Outage,-70.35030342320842,46.42993462985274,N,NA,58,Equipment failure,8800,,20260601214006,2026-06-02 01:43:21
19,2026-06-01 10:26:15,2026-06-01 23:15:00,P,Outage,-72.05087591232086,45.01099865305618,R,Crew en route,11,Equipment failure,8359,,20260601214006,2026-06-02 01:43:21
9,2026-06-01 12:55:58,2026-06-02 01:15:00,P,Outage,-71.40412875754478,46.83639375773878,L,Crew at work,21,Weather conditions,9305,,20260601214006,2026-06-02 01:43:21
3,2026-06-01 12:55:58,2026-06-02 01:15:00,P,Outage,-71.40402820904318,46.83690789581805,L,Crew at work,21,Weather conditions,9305,,20260601214006,2026-06-02 01:43:21
1,2026-06-01 11:49:50,,P,Outage,-73.67546198273995,45.91213800152646,L,Crew at work,21,Weather conditions,5796,,20260601214006,2026-06-02 01:43:21
16,2026-06-01 19:03:35,2026-06-02 01:15:00,P,Outage,-71.40466336135331,46.83705649583154,L,Crew at work,21,Weather conditions,9305,,20260601214006,2026-06-02 01:43:21
239,2026-06-01 18:59:34,2026-06-02 00:00:00,P,Outage,-72.52622465952302,45.89714015013328,L,Crew at work,33,Accident or incident,2117,,20260601214006,2026-06-02 01:43:21
1,2026-05-29 15:54:33,,P,Outage,-76.01579927936277,45.78425475099857,R,Crew en route,51,Vegetation damage,4461,,20260601214006,2026-06-02 01:43:21
74,2026-05-31 19:30:54,2026-06-02 00:15:00,P,Outage,-73.80671241518003,45.64749590575685,N,NA,51,Vegetation damage,5629,,20260601214006,2026-06-02 01:43:21
31,2026-06-01 20:25:50,2026-06-01 22:30:00,P,Outage,-75.58098325356912,46.001212677094905,L,Crew at work,51,Vegetation damage,5064,,20260601214006,2026-06-02 01:43:21
61,2026-06-01 17:00:03,2026-06-02 00:15:00,I,Interruption,-71.0161270981439,48.31014657870338,L,Crew at work,60,NA,4797,,20260601214006,2026-06-02 01:43:21
2,2026-06-01 00:40:24,2026-06-01 23:15:00,P,Outage,-76.66322295628908,45.74163503332503,N,NA,,NA,2432,,20260601214006,2026-06-02 01:43:21
4,2026-05-31 23:16:03,,P,Outage,-75.85435633800344,46.0730092432649,N,NA,,NA,4956,,20260601214006,2026-06-02 01:43:21
43,2026-06-01 19:36:46,2026-06-01 23:45:00,P,Outage,-66.49266082979159,48.14984695953793,L,Crew at work,,NA,2240,,20260601214006,2026-06-02 01:43:21
512,2026-06-01 15:42:39,,P,Outage,-71.95440817588917,45.81195944417656,R,Crew en route,,NA,2000,,20260601214006,2026-06-02 01:43:21
1,2026-05-29 19:13:11,,P,Outage,-75.92533065121889,45.857018351788184,N,NA,,NA,4461,,20260601214006,2026-06-02 01:43:21
11,2026-06-01 12:29:19,2026-06-02 00:00:00,P,Outage,-73.66294344077517,45.47308304083985,A,Work assigned,,NA,0217,,20260601214006,2026-06-02 01:43:21
29,2026-05-31 11:05:50,2026-06-02 05:15:00,P,Outage,-77.24296466165869,45.96473357097037,R,Crew en route,,NA,5750,,20260601214006,2026-06-02 01:43:21
1,2026-06-01 17:04:10,2026-06-01 22:15:00,P,Outage,-73.37672126606431,45.01379264263681,N,NA,,NA,4128,,20260601214006,2026-06-02 01:43:21
3,2026-06-01 15:19:41,,P,Outage,-73.58444761460056,45.67958675754242,N,NA,,NA,6717,,20260601214006,2026-06-02 01:43:21
40,2026-06-01 19:40:16,2026-06-01 23:15:00,P,Outage,-71.33895973633919,46.85938930856682,R,Crew en route,,NA,5411,,20260601214006,2026-06-02 01:43:21
28,2026-06-01 15:33:40,2026-06-01 23:15:00,P,Outage,-74.87619652520897,46.549100801187876,L,Crew at work,,NA,3831,,20260601214006,2026-06-02 01:43:21
3,2026-06-01 15:33:19,,P,Outage,-71.91378778507939,45.86512289433791,R,Crew en route,,NA,9181,,20260601214006,2026-06-02 01:43:21
19,2026-06-01 15:52:57,2026-06-01 22:15:00,P,Outage,-72.10804066415584,45.86115955986553,N,NA,,NA,3777,,20260601214006,2026-06-02 01:43:21
4,2026-06-01 12:23:58,,P,Outage,-73.72977155507854,45.54882072265123,R,Crew en route,,NA,4266,,20260601214006,2026-06-02 01:43:21
2,2026-05-31 19:46:43,,P,Outage,-76.37953359811175,45.670283941792455,R,Crew en route,,NA,1889,,20260601214006,2026-06-02 01:43:21
1,2026-05-31 18:07:42,2026-06-02 00:00:00,P,Outage,-76.69052372769907,45.73522808214811,N,NA,,NA,2432,,20260601214006,2026-06-02 01:43:21
60,2026-06-01 16:00:01,2026-06-01 22:30:00,P,Outage,-73.62233461839324,45.49810198207116,A,Work assigned,,NA,1000,,20260601214006,2026-06-02 01:43:21
8,2026-06-01 16:26:50,2026-06-01 23:15:00,P,Outage,-71.87406813766285,45.36596502175206,N,NA,,NA,4347,,20260601214006,2026-06-02 01:43:21
35,2026-06-01 20:13:50,2026-06-01 22:15:00,P,Outage,-73.00794868025736,45.41539133888527,R,Crew en route,,NA,6258,,20260601214006,2026-06-02 01:43:21
1,2026-06-01 20:18:15,2026-06-01 22:15:00,P,Outage,-75.03329703426894,45.598008060702774,N,NA,,NA,5236,,20260601214006,2026-06-02 01:43:21
32,2026-06-01 16:27:44,,P,Outage,-73.58081055239283,45.57348533645534,N,NA,,NA,1000,,20260601214006,2026-06-02 01:43:21
548,2026-06-01 16:47:08,2026-06-01 23:15:00,P,Outage,-71.86523016835056,45.36876479911845,R,Crew en route,,NA,4347,,20260601214006,2026-06-02 01:43:21
1,2026-06-01 18:17:44,2026-06-01 22:15:00,P,Outage,-73.47673746059155,45.564762860481764,R,Crew en route,,NA,4410,,20260601214006,2026-06-02 01:43:21
51,2026-06-01 19:02:37,,P,Outage,-76.52965648183799,45.79364983916343,R,Crew en route,,NA,4395,,20260601214006,2026-06-02 01:43:21
2,2026-06-01 19:40:52,2026-06-01 21:45:00,P,Outage,-70.6859684787414,46.12646848927835,L,Crew at work,,NA,6840,,20260601214006,2026-06-02 01:43:21
1,2026-05-30 16:25:59,2026-06-01 22:15:00,P,Outage,-76.46760909948728,45.91964772595553,N,NA,,NA,3861,,20260601214006,2026-06-02 01:43:21
4,2026-06-01 19:01:05,,P,Outage,-72.59157844809626,45.0837248280583,R,Crew en route,,NA,9106,,20260601214006,2026-06-02 01:43:21
1,2026-06-01 19:13:54,,P,Outage,-76.93047342971981,45.8112838843376,N,NA,,NA,3889,,20260601214006,2026-06-02 01:43:21
16,2026-06-01 19:11:48,,P,Outage,-73.72971707614835,45.54441005553189,R,Crew en route,,NA,1856,,20260601214006,2026-06-02 01:43:21
4,2026-06-01 17:51:32,2026-06-01 23:15:00,P,Outage,-72.84531725190618,46.07354142420754,N,NA,,NA,6756,,20260601214006,2026-06-02 01:43:21
1,2026-05-31 13:01:49,2026-06-01 22:30:00,P,Outage,-75.5823972563333,45.99506946846388,R,Crew en route,,NA,5064,,20260601214006,2026-06-02 01:43:21
2,2026-05-31 15:49:30,2026-06-02 00:00:00,P,Outage,-76.6443899018215,45.85676440250268,N,NA,,NA,4539,,20260601214006,2026-06-02 01:43:21
63,2026-05-29 15:54:33,2026-06-01 22:30:00,P,Outage,-76.02530991804802,45.76765745564405,R,Crew en route,,NA,4461,,20260601214006,2026-06-02 01:43:21
3,2026-06-01 09:55:44,2026-06-02 00:00:00,P,Outage,-76.33623864991642,45.54224100368824,N,NA,,NA,1499,,20260601214006,2026-06-02 01:43:21
2,2026-06-01 09:26:59,,P,Outage,-75.97437815934342,46.08309983750907,R,Crew en route,,NA,4956,,20260601214006,2026-06-02 01:43:21
5,2026-05-29 19:15:46,,P,Outage,-76.45715965696662,45.849314139516714,R,Crew en route,,NA,3861,,20260601214006,2026-06-02 01:43:21
4,2026-05-31 23:16:03,2026-06-02 04:00:00,P,Outage,-75.85435633800344,46.0730092432649,R,Crew en route,,NA,4956,,20260602021006,2026-06-02 06:22:35
1,2026-05-29 19:13:11,2026-06-02 12:15:00,P,Outage,-75.92533065121889,45.857018351788184,N,NA,,NA,4461,,20260602021006,2026-06-02 06:22:35
29,2026-05-31 11:05:50,2026-06-02 05:15:00,P,Outage,-77.24296466165869,45.96473357097037,N,NA,,NA,5750,,20260602021006,2026-06-02 06:22:35
74,2026-05-31 19:30:54,2026-06-02 06:15:00,P,Outage,-73.80671241518003,45.64749590575685,L,Crew at work,51,Vegetation damage,5629,,20260602021006,2026-06-02 06:22:35
1,2026-06-01 14:09:59,2026-06-02 12:15:00,P,Outage,-73.60731017693065,45.74854179357433,A,Work assigned,54,Accident or incident,6972,,20260602021006,2026-06-02 06:22:35
3,2026-06-01 15:19:41,2026-06-02 03:15:00,P,Outage,-73.58444761460056,45.67958675754242,L,Crew at work,21,Weather conditions,6717,,20260602021006,2026-06-02 06:22:35
19,2026-06-01 15:52:57,,P,Outage,-72.10804066415584,45.86115955986553,N,NA,,NA,3777,,20260602021006,2026-06-02 06:22:35
61,2026-06-01 17:00:03,2026-06-02 02:15:00,I,Interruption,-71.0161270981439,48.31014657870338,L,Crew at work,60,NA,4797,,20260602021006,2026-06-02 06:22:35
1,2026-05-31 18:07:42,2026-06-02 12:00:00,P,Outage,-76.69052372769907,45.73522808214811,N,NA,,NA,2432,,20260602021006,2026-06-02 06:22:35
39,2026-06-02 00:41:56,2026-06-02 14:45:00,P,Outage,-73.57790823667497,45.617839167388986,A,Work assigned,54,Accident or incident,0201,,20260602021006,2026-06-02 06:22:35
60,2026-06-01 16:00:01,,P,Outage,-73.62233461839324,45.49810198207116,A,Work assigned,,NA,1000,,20260602021006,2026-06-02 06:22:35
14,2026-06-02 00:34:48,2026-06-02 02:45:00,P,Outage,-70.51792554327866,46.227183847055095,R,Crew en route,,NA,7962,,20260602021006,2026-06-02 06:22:35
2,2026-06-02 01:33:30,2026-06-02 03:15:00,P,Outage,-74.16347707020047,45.467584760688574,L,Crew at work,33,Accident or incident,2636,,20260602021006,2026-06-02 06:22:35
239,2026-06-01 18:59:34,2026-06-02 04:00:00,P,Outage,-72.52622465952302,45.89714015013328,L,Crew at work,33,Accident or incident,2117,,20260602021006,2026-06-02 06:22:35
1,2026-06-01 20:18:15,,P,Outage,-75.03329703426894,45.598008060702774,A,Work assigned,,NA,5236,,20260602021006,2026-06-02 06:22:35
1,2026-06-01 18:17:44,2026-06-02 05:15:00,P,Outage,-73.47673746059155,45.564762860481764,L,Crew at work,,NA,4410,,20260602021006,2026-06-02 06:22:35
52,2026-06-01 21:01:37,2026-06-02 06:15:00,P,Outage,-74.15365140903721,45.39859354522657,L,Crew at work,51,Vegetation damage,7368,,20260602021006,2026-06-02 06:22:35
2,2026-06-02 00:26:38,2026-06-02 02:30:00,P,Outage,-75.89926009639785,46.47005425484885,L,Crew at work,44,Accident or incident,1152,,20260602021006,2026-06-02 06:22:35
5,2026-06-02 01:55:50,,P,Outage,-72.75574543477441,45.65135190283186,N,NA,,NA,7401,,20260602021006,2026-06-02 06:22:35
9,2026-06-01 12:55:58,2026-06-02 05:15:00,P,Outage,-71.40412875754478,46.83639375773878,L,Crew at work,21,Weather conditions,9305,,20260602021006,2026-06-02 06:22:35
3,2026-06-01 12:55:58,2026-06-02 05:15:00,P,Outage,-71.40402820904318,46.83690789581805,L,Crew at work,21,Weather conditions,9305,,20260602021006,2026-06-02 06:22:35
16,2026-06-01 19:03:35,2026-06-02 05:15:00,P,Outage,-71.40466336135331,46.83705649583154,L,Crew at work,21,Weather conditions,9305,,20260602021006,2026-06-02 06:22:35
2,2026-06-01 19:40:52,2026-06-02 12:15:00,P,Outage,-70.6859684787414,46.12646848927835,N,NA,,NA,6840,,20260602021006,2026-06-02 06:22:35
1,2026-05-30 16:25:59,2026-06-02 12:15:00,P,Outage,-76.46760909948728,45.91964772595553,N,NA,,NA,3861,,20260602021006,2026-06-02 06:22:35
16,2026-06-01 19:11:48,2026-06-02 04:15:00,P,Outage,-73.72971707614835,45.54441005553189,N,NA,,NA,1856,,20260602021006,2026-06-02 06:22:35
4,2026-06-01 17:51:32,2026-06-02 03:15:00,P,Outage,-72.84531725190618,46.07354142420754,N,NA,,NA,6756,,20260602021006,2026-06-02 06:22:35
19,2026-06-01 10:26:15,2026-06-02 07:15:00,P,Outage,-72.05087591232086,45.01099865305618,A,Work assigned,11,Equipment failure,8359,,20260602021006,2026-06-02 06:22:35
1,2026-05-07 09:44:52,2026-06-02 10:15:00,P,Outage,-70.35030342320842,46.42993462985274,N,NA,58,Equipment failure,8800,,20260602021006,2026-06-02 06:22:35
2,2026-05-31 15:49:30,2026-06-02 12:00:00,P,Outage,-76.6443899018215,45.85676440250268,N,NA,,NA,4539,,20260602021006,2026-06-02 06:22:35
40,2026-06-02 06:17:54,2026-06-02 08:15:00,P,Outage,-73.66078498530678,45.556925234831645,N,NA,,NA,1000,,20260602065005,2026-06-02 11:01:22
1,2026-06-02 06:40:24,,P,Outage,-73.40605444310992,45.645503791088565,N,NA,,NA,9326,,20260602065005,2026-06-02 11:01:22
1,2026-06-02 06:47:46,,P,Outage,-76.93047342971981,45.8112838843376,N,NA,,NA,3889,,20260602065005,2026-06-02 11:01:22
1,2026-05-29 19:13:11,2026-06-02 12:15:00,P,Outage,-75.92533065121889,45.857018351788184,N,NA,,NA,4461,,20260602065005,2026-06-02 11:01:22
29,2026-05-31 11:05:50,,P,Outage,-77.24296466165869,45.96473357097037,N,NA,,NA,5750,,20260602065005,2026-06-02 11:01:22
1,2026-06-01 14:09:59,2026-06-02 12:15:00,P,Outage,-73.60731017693065,45.74854179357433,A,Work assigned,54,Accident or incident,6972,,20260602065005,2026-06-02 11:01:22
1,2026-05-31 18:07:42,2026-06-02 12:00:00,P,Outage,-76.69052372769907,45.73522808214811,N,NA,,NA,2432,,20260602065005,2026-06-02 11:01:22
39,2026-06-02 00:41:56,2026-06-02 14:45:00,P,Outage,-73.57790823667497,45.617839167388986,A,Work assigned,54,Accident or incident,0201,,20260602065005,2026-06-02 11:01:22
60,2026-06-01 16:00:01,,P,Outage,-73.62233461839324,45.49810198207116,A,Work assigned,,NA,1000,,20260602065005,2026-06-02 11:01:22
1,2026-06-02 03:31:17,2026-06-02 09:15:00,P,Outage,-72.49853929703617,45.75505127198829,N,NA,,NA,9485,,20260602065005,2026-06-02 11:01:22
31,2026-06-02 04:23:07,2026-06-02 08:45:00,P,Outage,-73.57997126599868,45.615674432595235,A,Work assigned,54,Accident or incident,0201,,20260602065005,2026-06-02 11:01:22
5,2026-06-02 05:23:45,2026-06-02 07:30:00,P,Outage,-73.42846717340329,46.064610267888185,N,NA,,NA,5058,,20260602065005,2026-06-02 11:01:22
13,2026-06-02 05:06:18,2026-06-02 07:30:00,P,Outage,-73.7922439354205,45.50022328567335,N,NA,,NA,0221,,20260602065005,2026-06-02 11:01:22
1,2026-04-25 07:25:19,2026-06-02 07:45:00,I,Interruption,-72.43170541405206,45.83719966566479,N,NA,62,NA,7713,,20260602065005,2026-06-02 11:01:22
1,2026-06-02 05:15:27,2026-06-02 08:00:00,P,Outage,-70.97072485187574,46.347068501047026,R,Crew en route,,NA,6765,,20260602065005,2026-06-02 11:01:22
18,2026-06-02 05:35:10,2026-06-02 07:30:00,P,Outage,-73.66727846980551,45.72391216446576,N,NA,,NA,9160,,20260602065005,2026-06-02 11:01:22
13,2026-06-02 05:42:18,2026-06-02 07:45:00,P,Outage,-75.70156252151318,45.484807146015996,N,NA,,NA,2375,,20260602065005,2026-06-02 11:01:22
3277,2026-06-02 05:46:15,2026-06-02 07:45:00,P,Outage,-72.39856699276173,45.75807051287954,R,Crew en route,44,Accident or incident,2117,,20260602065005,2026-06-02 11:01:22
2,2026-06-02 05:44:08,2026-06-02 07:45:00,P,Outage,-75.95905701663207,46.65672772499748,N,NA,,NA,5766,,20260602065005,2026-06-02 11:01:22
110,2026-06-02 05:52:00,2026-06-02 07:45:00,P,Outage,-73.58907667486895,45.544999812736734,A,Work assigned,,NA,1000,,20260602065005,2026-06-02 11:01:22
2,2026-06-01 19:40:52,2026-06-02 12:15:00,P,Outage,-70.6859684787414,46.12646848927835,N,NA,,NA,6840,,20260602065005,2026-06-02 11:01:22
1,2026-05-30 16:25:59,2026-06-02 12:15:00,P,Outage,-76.46760909948728,45.91964772595553,N,NA,,NA,3861,,20260602065005,2026-06-02 11:01:22
16,2026-06-01 19:11:48,2026-06-02 10:15:00,P,Outage,-73.72971707614835,45.54441005553189,N,NA,,NA,1856,,20260602065005,2026-06-02 11:01:22
1,2026-05-07 09:44:52,2026-06-02 10:15:00,P,Outage,-70.35030342320842,46.42993462985274,N,NA,58,Equipment failure,8800,,20260602065005,2026-06-02 11:01:22
2,2026-05-31 15:49:30,2026-06-02 12:00:00,P,Outage,-76.6443899018215,45.85676440250268,N,NA,,NA,4539,,20260602065005,2026-06-02 11:01:22
3,2026-06-02 02:57:42,,P,Outage,-77.26539051393485,45.99738564588003,N,NA,,NA,5750,,20260602065005,2026-06-02 11:01:22
40,2026-06-02 06:17:54,2026-06-02 11:15:00,P,Outage,-73.66078498530678,45.556925234831645,R,Crew en route,,NA,1000,,20260602104015,2026-06-02 14:55:36
53,2026-06-02 09:20:13,2026-06-02 11:15:00,I,Interruption,-71.552081015003,45.34713647585305,L,Crew at work,61,NA,5716,,20260602104015,2026-06-02 14:55:36
1,2026-06-02 09:24:47,2026-06-02 13:30:00,I,Interruption,-70.37216429973192,47.453520791484394,L,Crew at work,63,NA,7278,,20260602104015,2026-06-02 14:55:36
1,2026-06-02 06:40:24,,P,Outage,-73.40605444310992,45.645503791088565,R,Crew en route,,NA,9326,,20260602104015,2026-06-02 14:55:36
1,2026-06-02 00:15:41,2026-06-02 10:45:00,P,Outage,-71.51802623395818,48.703533704047345,L,Crew at work,,NA,4008,,20260602104015,2026-06-02 14:55:36
1,2026-06-02 06:47:46,,P,Outage,-76.93047342971981,45.8112838843376,N,NA,,NA,3889,,20260602104015,2026-06-02 14:55:36
1,2026-05-29 19:13:11,2026-06-02 12:15:00,P,Outage,-75.92533065121889,45.857018351788184,N,NA,,NA,4461,,20260602104015,2026-06-02 14:55:36
5,2026-06-02 09:25:28,2026-06-02 12:30:00,I,Interruption,-73.32640337808765,45.52371866460409,L,Crew at work,63,NA,6210,,20260602104015,2026-06-02 14:55:36
74,2026-06-02 09:20:40,2026-06-02 11:30:00,P,Outage,-70.63301228657014,45.6865502085037,R,Crew en route,,NA,5524,,20260602104015,2026-06-02 14:55:36
24,2026-06-02 09:23:00,2026-06-02 12:15:00,I,Interruption,-71.09916338916777,45.78567364026286,L,Crew at work,62,NA,8041,,20260602104015,2026-06-02 14:55:36
3,2026-06-02 09:22:30,2026-06-02 11:30:00,P,Outage,-76.10016040747065,46.28289936933341,R,Crew en route,,NA,4641,,20260602104015,2026-06-02 14:55:36
29,2026-05-31 11:05:50,,P,Outage,-77.24296466165869,45.96473357097037,R,Crew en route,,NA,5750,,20260602104015,2026-06-02 14:55:36
1,2026-06-02 07:53:06,,P,Outage,-79.15629682764008,47.248564894566165,R,Crew en route,,NA,7944,,20260602104015,2026-06-02 14:55:36
178,2026-06-02 07:34:40,2026-06-02 16:15:00,I,Interruption,-73.63046096968185,45.426752257703725,L,Crew at work,61,NA,0107,,20260602104015,2026-06-02 14:55:36
7,2026-06-02 07:32:45,2026-06-02 11:45:00,I,Interruption,-73.76487178810014,45.63878510958699,L,Crew at work,61,NA,1164,,20260602104015,2026-06-02 14:55:36
8,2026-06-02 00:41:56,2026-06-02 16:15:00,P,Outage,-73.57646158086268,45.61595469430747,L,Crew at work,54,Accident or incident,0201,,20260602104015,2026-06-02 14:55:36
1,2026-06-02 00:41:56,2026-06-02 16:15:00,P,Outage,-73.57740717292513,45.61664814678614,A,Work assigned,54,Accident or incident,0201,,20260602104015,2026-06-02 14:55:36
61,2026-06-02 08:01:27,2026-06-02 12:15:00,I,Interruption,-73.49353801550498,45.677485436901485,L,Crew at work,61,NA,0119,,20260602104015,2026-06-02 14:55:36
1,2026-06-01 14:09:59,2026-06-02 12:15:00,P,Outage,-73.60731017693065,45.74854179357433,R,Crew en route,54,Accident or incident,6972,,20260602104015,2026-06-02 14:55:36
6,2026-06-02 07:53:45,2026-06-02 12:00:00,I,Interruption,-74.81788503610179,46.27684520956025,L,Crew at work,62,NA,4005,,20260602104015,2026-06-02 14:55:36
13,2026-06-02 09:30:35,2026-06-02 15:45:00,I,Interruption,-77.09068230493979,49.0180198237623,L,Crew at work,61,NA,4314,,20260602104015,2026-06-02 14:55:36
4,2026-06-02 07:39:31,,P,Outage,-70.68428293324489,46.14036201681016,R,Crew en route,,NA,6840,,20260602104015,2026-06-02 14:55:36
7,2026-06-02 09:34:55,2026-06-02 11:15:00,I,Interruption,-67.68483002423146,48.56362018448233,L,Crew at work,63,NA,5719,,20260602104015,2026-06-02 14:55:36
253,2026-06-02 08:17:19,2026-06-02 14:30:00,I,Interruption,-79.00938442270798,48.22925272553149,L,Crew at work,62,NA,5647,,20260602104015,2026-06-02 14:55:36
229,2026-06-02 08:17:12,,I,Interruption,-73.49233765874556,45.65111839499633,L,Crew at work,61,NA,0119,,20260602104015,2026-06-02 14:55:36
3,2026-06-02 09:27:59,2026-06-02 15:30:00,I,Interruption,-75.50360650539471,46.47033422365557,L,Crew at work,61,NA,5593,,20260602104015,2026-06-02 14:55:36
1154,2026-06-02 09:30:53,2026-06-02 11:30:00,P,Outage,-75.07379475085087,45.82454648368487,R,Crew en route,,NA,1802,,20260602104015,2026-06-02 14:55:36
269,2026-06-02 09:30:35,2026-06-02 11:30:00,P,Outage,-75.19528291055647,45.80009023135846,R,Crew en route,,NA,5518,,20260602104015,2026-06-02 14:55:36
2,2026-06-02 09:35:28,2026-06-02 12:45:00,I,Interruption,-64.52161118225455,48.88949185801754,L,Crew at work,63,NA,5560,,20260602104015,2026-06-02 14:55:36
1,2026-06-02 07:58:26,2026-06-02 16:45:00,P,Outage,-73.52800959182883,45.656909112633805,L,Crew at work,,NA,0119,,20260602104015,2026-06-02 14:55:36
5,2026-06-02 09:33:12,2026-06-02 11:30:00,P,Outage,-71.63164289691676,46.91385449628776,L,Crew at work,,NA,4089,,20260602104015,2026-06-02 14:55:36
1,2026-06-02 08:07:32,2026-06-02 16:15:00,I,Interruption,-73.85081832313787,45.54324834520288,L,Crew at work,62,NA,8641,,20260602104015,2026-06-02 14:55:36
61,2026-06-02 08:06:03,2026-06-02 14:15:00,I,Interruption,-73.5937243561218,45.51708332679892,L,Crew at work,77,NA,1000,,20260602104015,2026-06-02 14:55:36
1,2026-06-02 08:05:08,2026-06-02 18:00:00,I,Interruption,-70.42243001217797,46.784013563272346,L,Crew at work,61,NA,8680,,20260602104015,2026-06-02 14:55:36
182,2026-06-02 08:10:33,,I,Interruption,-73.49251927474727,45.652113712855154,L,Crew at work,61,NA,0119,,20260602104015,2026-06-02 14:55:36
71,2026-06-02 08:11:30,2026-06-02 14:15:00,I,Interruption,-73.59800284867453,45.51888282971915,L,Crew at work,62,NA,0117,,20260602104015,2026-06-02 14:55:36
1,2026-06-02 08:18:14,2026-06-02 12:30:00,I,Interruption,-70.67928467082498,46.21145451393762,L,Crew at work,61,NA,8110,,20260602104015,2026-06-02 14:55:36
76,2026-06-02 08:14:37,2026-06-02 16:15:00,I,Interruption,-70.45004933183195,47.62517107899261,L,Crew at work,77,NA,6990,,20260602104015,2026-06-02 14:55:36
1,2026-05-31 18:07:42,2026-06-02 14:15:00,P,Outage,-76.69052372769907,45.73522808214811,R,Crew en route,,NA,2432,,20260602104015,2026-06-02 14:55:36
145,2026-06-02 08:36:50,2026-06-02 12:45:00,I,Interruption,-66.73821222613256,49.07194052965221,L,Crew at work,61,NA,1649,,20260602104015,2026-06-02 14:55:36
18,2026-06-02 08:36:30,,I,Interruption,-71.27082409138252,46.77338168158594,L,Crew at work,77,NA,5769,,20260602104015,2026-06-02 14:55:36
191,2026-06-02 08:33:13,2026-06-02 14:45:00,I,Interruption,-73.85397152504135,45.660032856035954,L,Crew at work,63,NA,1413,,20260602104015,2026-06-02 14:55:36
13,2026-06-02 05:06:18,2026-06-02 11:15:00,P,Outage,-73.7922439354205,45.50022328567335,N,NA,,NA,0221,,20260602104015,2026-06-02 14:55:36
12,2026-06-02 08:28:23,2026-06-02 11:15:00,P,Outage,-73.87451589926508,45.499686727910614,R,Crew en route,,NA,0291,,20260602104015,2026-06-02 14:55:36
2,2026-06-01 23:14:33,2026-06-02 12:15:00,P,Outage,-73.4256463770859,45.696824197130674,L,Crew at work,,NA,9326,,20260602104015,2026-06-02 14:55:36
2,2026-06-02 09:40:13,2026-06-02 12:45:00,I,Interruption,-75.8507503853327,45.41909706174408,L,Crew at work,61,NA,1185,,20260602104015,2026-06-02 14:55:36
1,2026-06-02 08:33:01,2026-06-02 14:45:00,I,Interruption,-73.2642441371067,45.31563648788007,L,Crew at work,61,NA,7110,,20260602104015,2026-06-02 14:55:36
9,2026-06-02 10:22:55,2026-06-02 12:00:00,P,Outage,-73.71740379816501,45.567626991612066,L,Crew at work,11,Equipment failure,1856,,20260602104015,2026-06-02 14:55:36
33,2026-06-02 08:45:28,,I,Interruption,-73.46002565187341,45.55213773805753,L,Crew at work,61,NA,4410,,20260602104015,2026-06-02 14:55:36
4,2026-06-02 08:51:12,2026-06-02 11:30:00,I,Interruption,-64.7135363787428,48.34023763928237,L,Crew at work,63,NA,5146,,20260602104015,2026-06-02 14:55:36
34,2026-06-02 08:58:59,2026-06-02 16:00:00,I,Interruption,-73.70977204432249,45.959858232679174,L,Crew at work,61,NA,8377,,20260602104015,2026-06-02 14:55:36
10,2026-06-02 09:06:10,,I,Interruption,-72.3109584137701,46.874965390098744,L,Crew at work,63,NA,5049,,20260602104015,2026-06-02 14:55:36
194,2026-06-02 08:37:57,2026-06-02 14:45:00,I,Interruption,-71.30378036559951,46.65456878004234,L,Crew at work,61,NA,6582,,20260602104015,2026-06-02 14:55:36
71,2026-06-02 08:40:04,2026-06-02 16:15:00,I,Interruption,-73.86183260339499,45.46116404075524,L,Crew at work,61,NA,0235,,20260602104015,2026-06-02 14:55:36
33,2026-06-02 08:48:43,2026-06-02 12:15:00,I,Interruption,-73.35442964018344,45.80208638842947,L,Crew at work,62,NA,8134,,20260602104015,2026-06-02 14:55:36
232,2026-06-02 09:04:14,2026-06-02 14:15:00,I,Interruption,-67.92304878145485,49.290928415132704,L,Crew at work,61,NA,4374,,20260602104015,2026-06-02 14:55:36
29,2026-06-02 08:54:57,2026-06-02 11:00:00,I,Interruption,-73.5884879278913,45.55734869009645,L,Crew at work,63,NA,1000,,20260602104015,2026-06-02 14:55:36
18,2026-06-02 08:55:26,2026-06-02 13:00:00,I,Interruption,-73.58893904311648,45.55741051531771,L,Crew at work,63,NA,1000,,20260602104015,2026-06-02 14:55:36
5,2026-06-02 09:19:45,2026-06-02 11:15:00,I,Interruption,-71.29051397120446,46.095831572002844,L,Crew at work,61,NA,9169,,20260602104015,2026-06-02 14:55:36
1,2026-05-30 16:25:59,2026-06-02 12:15:00,P,Outage,-76.46760909948728,45.91964772595553,R,Crew en route,,NA,3861,,20260602104015,2026-06-02 14:55:36
27,2026-06-02 09:05:28,2026-06-02 12:15:00,I,Interruption,-73.80879292361405,45.33822878245357,L,Crew at work,77,NA,4350,,20260602104015,2026-06-02 14:55:36
12,2026-06-02 09:06:00,2026-06-02 14:45:00,I,Interruption,-72.31149189766316,46.874344919997775,L,Crew at work,61,NA,5049,,20260602104015,2026-06-02 14:55:36
13,2026-06-02 09:14:07,2026-06-02 12:15:00,I,Interruption,-73.36755664146217,45.81898274727856,L,Crew at work,62,NA,8134,,20260602104015,2026-06-02 14:55:36
24,2026-06-02 09:11:35,2026-06-02 11:15:00,I,Interruption,-71.67188958220554,48.39075293124271,L,Crew at work,61,NA,2588,,20260602104015,2026-06-02 14:55:36
1,2026-06-02 09:16:20,2026-06-02 11:30:00,I,Interruption,-71.2175953927113,46.82895661248945,L,Crew at work,62,NA,5410,,20260602104015,2026-06-02 14:55:36
16,2026-05-31 20:22:24,2026-06-02 12:15:00,P,Outage,-73.72971707614835,45.54441005553189,L,Crew at work,,NA,1856,,20260602104015,2026-06-02 14:55:36
1,2026-06-02 08:47:31,2026-06-02 12:30:00,I,Interruption,-73.2194277653329,45.30210607876251,L,Crew at work,61,NA,2660,,20260602104015,2026-06-02 14:55:36
9,2026-06-02 08:43:39,2026-06-02 12:15:00,I,Interruption,-71.11532647326928,48.398138605012306,L,Crew at work,61,NA,1850,,20260602104015,2026-06-02 14:55:36
3,2026-06-02 08:53:09,2026-06-02 11:00:00,I,Interruption,-71.06550184267594,46.68852409683777,L,Crew at work,63,NA,6969,,20260602104015,2026-06-02 14:55:36
50,2026-06-02 08:56:29,2026-06-02 15:00:00,I,Interruption,-76.01131252364067,45.72763723938115,L,Crew at work,77,NA,8575,,20260602104015,2026-06-02 14:55:36
79,2026-06-02 08:57:00,2026-06-02 15:30:00,I,Interruption,-73.689926361545,45.73037701193276,L,Crew at work,61,NA,9160,,20260602104015,2026-06-02 14:55:36
38,2026-06-02 10:02:26,2026-06-02 14:15:00,I,Interruption,-71.24243688165095,46.83564479492105,L,Crew at work,63,NA,5410,,20260602104015,2026-06-02 14:55:36
17,2026-06-02 08:17:33,2026-06-02 12:00:00,P,Outage,-79.01169407255864,48.2294398053677,N,NA,,NA,5647,,20260602104015,2026-06-02 14:55:36
5,2026-06-02 09:54:40,2026-06-02 15:15:00,I,Interruption,-72.32202628369598,46.16789019963634,L,Crew at work,62,NA,8302,,20260602104015,2026-06-02 14:55:36
27,2026-06-02 09:40:48,2026-06-02 11:45:00,I,Interruption,-71.75941110749947,45.54669017656708,L,Crew at work,62,NA,9058,,20260602104015,2026-06-02 14:55:36
316,2026-06-02 09:42:14,2026-06-02 11:45:00,I,Interruption,-70.90047746742306,48.322026602731995,L,Crew at work,62,NA,5329,,20260602104015,2026-06-02 14:55:36
191,2026-06-02 10:17:30,2026-06-02 12:15:00,I,Interruption,-74.56806482445424,46.149328226707865,L,Crew at work,62,NA,7305,,20260602104015,2026-06-02 14:55:36
44,2026-06-02 10:27:30,,P,Outage,-75.91158069936377,45.63165457639742,N,NA,,NA,8575,,20260602104015,2026-06-02 14:55:36
698,2026-06-02 09:56:27,2026-06-02 12:00:00,I,Interruption,-71.63981527661102,48.526839561386254,L,Crew at work,61,NA,1050,,20260602104015,2026-06-02 14:55:36
2,2026-06-02 09:59:57,2026-06-02 12:00:00,P,Outage,-70.75290737458653,46.224396403944965,L,Crew at work,44,Accident or incident,1275,,20260602104015,2026-06-02 14:55:36
44,2026-06-02 10:26:54,,P,Outage,-74.1903185703272,45.863246112243715,N,NA,,NA,8059,,20260602104015,2026-06-02 14:55:36
26,2026-06-02 09:37:14,2026-06-02 15:15:00,I,Interruption,-72.29080535939399,45.625455831985654,L,Crew at work,62,NA,2174,,20260602104015,2026-06-02 14:55:36
8,2026-06-02 09:40:40,2026-06-02 14:45:00,I,Interruption,-72.6484174145777,45.310698710722534,L,Crew at work,62,NA,1508,,20260602104015,2026-06-02 14:55:36
28,2026-06-02 08:35:28,2026-06-02 12:00:00,P,Outage,-73.65967379073706,45.55050946893929,N,NA,,NA,1000,,20260602104015,2026-06-02 14:55:36
51,2026-06-02 10:03:19,2026-06-02 12:15:00,P,Outage,-76.52965648183799,45.79364983916343,N,NA,,NA,4395,,20260602104015,2026-06-02 14:55:36
108,2026-06-02 09:57:44,2026-06-02 13:15:00,P,Outage,-73.3408728489861,45.52142406584185,L,Crew at work,51,Vegetation damage,6210,,20260602104015,2026-06-02 14:55:36
8,2026-06-02 09:58:32,2026-06-02 12:00:00,P,Outage,-73.7948653351102,45.59051999468982,R,Crew en route,,NA,8389,,20260602104015,2026-06-02 14:55:36
9,2026-06-02 10:38:17,,P,Outage,-73.48947603351326,45.48245229926232,N,NA,,NA,7335,,20260602104015,2026-06-02 14:55:36
2,2026-06-02 10:35:45,,P,Outage,-73.14804502975791,45.167282107008916,N,NA,,NA,8068,,20260602104015,2026-06-02 14:55:36
41,2026-06-02 09:43:10,2026-06-02 11:45:00,I,Interruption,-70.47468243785217,46.032415253168544,L,Crew at work,62,NA,6369,,20260602104015,2026-06-02 14:55:36
38,2026-06-02 10:02:00,2026-06-02 11:45:00,P,Outage,-73.30099082034911,45.43694752455169,L,Crew at work,51,Vegetation damage,1718,,20260602104015,2026-06-02 14:55:36
41,2026-06-02 10:06:40,2026-06-02 15:45:00,I,Interruption,-76.29589539470992,45.67551139535517,L,Crew at work,77,NA,2192,,20260602104015,2026-06-02 14:55:36
1,2026-06-02 09:42:09,2026-06-02 14:45:00,I,Interruption,-71.27123640808138,46.815218515446716,L,Crew at work,61,NA,9320,,20260602104015,2026-06-02 14:55:36
5,2026-06-02 09:48:46,2026-06-02 11:45:00,P,Outage,-71.24864299848765,46.81769666369246,N,NA,,NA,5411,,20260602104015,2026-06-02 14:55:36
9,2026-06-02 08:53:09,2026-06-02 11:45:00,I,Interruption,-71.0660701222655,46.68877513861675,L,Crew at work,63,NA,6969,,20260602104015,2026-06-02 14:55:36
15,2026-06-02 09:52:29,2026-06-02 12:30:00,I,Interruption,-69.53074464173915,47.852986779627315,L,Crew at work,63,NA,5575,,20260602104015,2026-06-02 14:55:36
10,2026-06-02 10:23:40,2026-06-02 17:30:00,I,Interruption,-72.48861460266022,45.86859469128821,L,Crew at work,63,NA,2117,,20260602104015,2026-06-02 14:55:36
72,2026-06-02 10:11:45,2026-06-02 16:15:00,P,Outage,-72.55359991093238,46.34810696461281,N,NA,,NA,9233,,20260602104015,2026-06-02 14:55:36
12,2026-06-02 09:53:10,2026-06-02 13:30:00,I,Interruption,-73.80631835747914,45.829891722907995,L,Crew at work,63,NA,5820,,20260602104015,2026-06-02 14:55:36
2,2026-06-02 10:12:31,2026-06-02 12:15:00,P,Outage,-72.66282398190019,45.28000462020029,R,Crew en route,,NA,1508,,20260602104015,2026-06-02 14:55:36
2,2026-06-02 10:13:26,2026-06-02 12:15:00,I,Interruption,-71.30789021651293,46.76737178277124,L,Crew at work,62,NA,5701,,20260602104015,2026-06-02 14:55:36
2,2026-05-31 15:49:30,2026-06-02 12:00:00,P,Outage,-76.6443899018215,45.85676440250268,N,NA,,NA,4539,,20260602104015,2026-06-02 14:55:36
16,2026-06-02 09:39:09,2026-06-02 15:15:00,I,Interruption,-69.96882169669333,46.747340036710426,L,Crew at work,63,NA,4110,,20260602104015,2026-06-02 14:55:36
3,2026-06-02 02:57:42,,P,Outage,-77.26539051393485,45.99738564588003,N,NA,,NA,5750,,20260602104015,2026-06-02 14:55:36
455,2026-06-02 10:14:52,2026-06-02 12:15:00,I,Interruption,-74.52220162567885,46.14284532091568,L,Crew at work,62,NA,7305,,20260602104015,2026-06-02 14:55:36
1,2026-06-02 10:19:47,2026-06-02 12:30:00,I,Interruption,-72.80279228910543,45.02235027047413,L,Crew at work,62,NA,2348,,20260602104015,2026-06-02 14:55:36
5,2026-06-02 09:42:30,2026-06-02 12:45:00,I,Interruption,-72.14044212837271,45.00690872934666,L,Crew at work,61,NA,8362,,20260602104015,2026-06-02 14:55:36
20,2026-06-02 09:43:31,2026-06-02 11:45:00,I,Interruption,-77.82399020498742,48.088871584810626,R,Crew en route,62,NA,9266,,20260602104015,2026-06-02 14:55:36
7,2026-06-02 09:43:44,2026-06-02 11:45:00,I,Interruption,-77.82398760862236,48.0895121366986,R,Crew en route,62,NA,9266,,20260602104015,2026-06-02 14:55:36
32,2026-06-02 08:19:35,2026-06-02 12:30:00,I,Interruption,-72.26939640197693,45.159087637748286,L,Crew at work,62,NA,1159,,20260602104015,2026-06-02 14:55:36
3,2026-06-02 10:24:51,,I,Interruption,-71.58576446312902,45.227965401002834,L,Crew at work,62,NA,7515,,20260602104015,2026-06-02 14:55:36
12,2026-06-02 09:52:58,2026-06-02 12:00:00,P,Outage,-71.24851920033646,46.81753525329497,N,NA,,NA,5411,,20260602104015,2026-06-02 14:55:36
4,2026-06-02 14:17:44,,P,Outage,-71.31114273235805,46.659954737752464,L,Crew at work,44,Accident or incident,6582,,20260602142005,2026-06-02 18:30:39
15,2026-06-02 11:39:56,2026-06-02 19:15:00,P,Outage,-72.59541820594374,45.331922302830996,A,Work assigned,44,Accident or incident,5742,,20260602142005,2026-06-02 18:30:39
2,2026-06-02 09:59:57,,P,Outage,-70.75290737458653,46.224396403944965,L,Crew at work,44,Accident or incident,1275,,20260602142005,2026-06-02 18:30:39
8,2026-06-02 00:41:56,2026-06-02 16:15:00,P,Outage,-73.57646158086268,45.61595469430747,L,Crew at work,54,Accident or incident,0201,,20260602142005,2026-06-02 18:30:39
1,2026-06-02 00:41:56,2026-06-02 16:15:00,P,Outage,-73.57740717292513,45.61664814678614,A,Work assigned,54,Accident or incident,0201,,20260602142005,2026-06-02 18:30:39
269,2026-06-02 09:30:35,2026-06-02 16:15:00,P,Outage,-75.19528291055647,45.80009023135846,R,Crew en route,58,Equipment failure,4767,,20260602142005,2026-06-02 18:30:39
36,2026-06-02 12:54:12,2026-06-02 17:00:00,I,Interruption,-75.72252055286336,45.42907427753599,L,Crew at work,61,NA,2642,,20260602142005,2026-06-02 18:30:39
1,2026-06-02 12:58:35,2026-06-02 16:30:00,I,Interruption,-71.82915475543905,46.72614606420752,L,Crew at work,61,NA,6141,,20260602142005,2026-06-02 18:30:39
11,2026-06-02 13:36:15,2026-06-02 16:15:00,I,Interruption,-73.33259534649336,45.521288240236856,L,Crew at work,61,NA,6210,,20260602142005,2026-06-02 18:30:39
178,2026-06-02 07:34:40,2026-06-02 16:15:00,I,Interruption,-73.63046096968185,45.426752257703725,L,Crew at work,61,NA,0107,,20260602142005,2026-06-02 18:30:39
37,2026-06-02 13:50:40,2026-06-02 18:00:00,I,Interruption,-74.25910828676857,46.04635246185562,L,Crew at work,61,NA,8404,,20260602142005,2026-06-02 18:30:39
13,2026-06-02 09:30:35,2026-06-02 15:45:00,I,Interruption,-77.09068230493979,49.0180198237623,L,Crew at work,61,NA,4314,,20260602142005,2026-06-02 18:30:39
3,2026-06-02 09:27:59,2026-06-02 15:30:00,I,Interruption,-75.50360650539471,46.47033422365557,L,Crew at work,61,NA,5593,,20260602142005,2026-06-02 18:30:39
1,2026-06-02 14:15:56,2026-06-02 20:30:00,I,Interruption,-71.30528088934855,46.653524243082174,L,Crew at work,61,NA,6582,,20260602142005,2026-06-02 18:30:39
10,2026-06-02 14:16:18,2026-06-02 20:30:00,I,Interruption,-71.30598436195295,46.65400277088417,L,Crew at work,61,NA,6582,,20260602142005,2026-06-02 18:30:39
1,2026-06-02 08:05:08,2026-06-02 18:00:00,I,Interruption,-70.42243001217797,46.784013563272346,L,Crew at work,61,NA,8680,,20260602142005,2026-06-02 18:30:39
34,2026-06-02 08:58:59,2026-06-02 15:45:00,I,Interruption,-73.70977204432249,45.959858232679174,L,Crew at work,61,NA,8377,,20260602142005,2026-06-02 18:30:39
71,2026-06-02 08:40:04,2026-06-02 16:15:00,I,Interruption,-73.86183260339499,45.46116404075524,L,Crew at work,61,NA,0235,,20260602142005,2026-06-02 18:30:39
232,2026-06-02 09:04:14,,I,Interruption,-67.92304878145485,49.290928415132704,L,Crew at work,61,NA,4374,,20260602142005,2026-06-02 18:30:39
5,2026-06-02 09:19:45,,I,Interruption,-71.29051397120446,46.095831572002844,L,Crew at work,61,NA,9169,,20260602142005,2026-06-02 18:30:39
12,2026-06-02 09:06:00,2026-06-02 14:45:00,I,Interruption,-72.31149189766316,46.874344919997775,L,Crew at work,61,NA,5049,,20260602142005,2026-06-02 18:30:39
24,2026-06-02 09:11:35,,I,Interruption,-71.67188958220554,48.39075293124271,L,Crew at work,61,NA,2588,,20260602142005,2026-06-02 18:30:39
79,2026-06-02 08:57:00,2026-06-02 15:30:00,I,Interruption,-73.689926361545,45.73037701193276,L,Crew at work,61,NA,9160,,20260602142005,2026-06-02 18:30:39
1,2026-06-02 09:42:09,2026-06-02 14:45:00,I,Interruption,-71.27123640808138,46.815218515446716,L,Crew at work,61,NA,9320,,20260602142005,2026-06-02 18:30:39
89,2026-06-02 12:59:45,2026-06-02 15:30:00,I,Interruption,-73.76140685594481,45.533997153154516,L,Crew at work,69,NA,1856,,20260602142005,2026-06-02 18:30:39
2,2026-06-02 13:25:07,2026-06-02 15:30:00,I,Interruption,-73.7660000515453,45.44497108495584,L,Crew at work,63,NA,0223,,20260602142005,2026-06-02 18:30:39
32,2026-06-02 13:58:19,2026-06-02 16:45:00,I,Interruption,-73.64125451210083,45.5925679077676,L,Crew at work,63,NA,0111,,20260602142005,2026-06-02 18:30:39
191,2026-06-02 08:33:13,2026-06-02 14:45:00,I,Interruption,-73.85397152504135,45.660032856035954,L,Crew at work,63,NA,1413,,20260602142005,2026-06-02 18:30:39
9,2026-06-02 08:53:09,,I,Interruption,-71.0660701222655,46.68877513861675,L,Crew at work,63,NA,6969,,20260602142005,2026-06-02 18:30:39
10,2026-06-02 10:23:40,2026-06-02 17:30:00,I,Interruption,-72.48861460266022,45.86859469128821,L,Crew at work,63,NA,2117,,20260602142005,2026-06-02 18:30:39
12,2026-06-02 09:53:10,,I,Interruption,-73.80631835747914,45.829891722907995,L,Crew at work,63,NA,5820,,20260602142005,2026-06-02 18:30:39
16,2026-06-02 09:39:09,2026-06-02 15:15:00,I,Interruption,-69.96882169669333,46.747340036710426,L,Crew at work,63,NA,4110,,20260602142005,2026-06-02 18:30:39
6,2026-06-02 13:11:05,2026-06-02 16:15:00,I,Interruption,-71.72535026493713,46.865902641119185,L,Crew at work,62,NA,4119,,20260602142005,2026-06-02 18:30:39
1,2026-06-02 13:18:16,2026-06-02 15:45:00,I,Interruption,-72.65037719760537,46.38950903570839,L,Crew at work,62,NA,9233,,20260602142005,2026-06-02 18:30:39
29,2026-06-02 13:34:01,2026-06-02 16:15:00,I,Interruption,-68.53389439760895,48.443874417968054,L,Crew at work,62,NA,5512,,20260602142005,2026-06-02 18:30:39
2,2026-06-02 13:27:16,2026-06-02 16:00:00,I,Interruption,-72.52932162370588,45.33022042143087,L,Crew at work,62,NA,9455,,20260602142005,2026-06-02 18:30:39
253,2026-06-02 08:17:19,2026-06-02 14:30:00,I,Interruption,-79.00938442270798,48.22925272553149,L,Crew at work,62,NA,5647,,20260602142005,2026-06-02 18:30:39
14,2026-06-02 13:59:24,2026-06-02 15:15:00,I,Interruption,-77.82077491455269,48.08562016181427,N,NA,62,NA,9266,,20260602142005,2026-06-02 18:30:39
1,2026-06-02 08:07:32,2026-06-02 16:15:00,I,Interruption,-73.85081832313787,45.54324834520288,L,Crew at work,62,NA,8641,,20260602142005,2026-06-02 18:30:39
5,2026-06-02 09:54:40,2026-06-02 15:15:00,I,Interruption,-72.32202628369598,46.16789019963634,L,Crew at work,62,NA,8302,,20260602142005,2026-06-02 18:30:39
191,2026-06-02 10:17:30,,I,Interruption,-74.56806482445424,46.149328226707865,L,Crew at work,62,NA,7305,,20260602142005,2026-06-02 18:30:39
26,2026-06-02 09:37:14,2026-06-02 15:15:00,I,Interruption,-72.29080535939399,45.625455831985654,L,Crew at work,62,NA,2174,,20260602142005,2026-06-02 18:30:39
8,2026-06-02 09:40:40,2026-06-02 14:45:00,I,Interruption,-72.6484174145777,45.310698710722534,L,Crew at work,62,NA,1508,,20260602142005,2026-06-02 18:30:39
72,2026-06-02 10:11:45,2026-06-02 15:15:00,I,Interruption,-72.55359991093238,46.34810696461281,L,Crew at work,62,NA,9233,,20260602142005,2026-06-02 18:30:39
2,2026-06-02 10:13:26,,I,Interruption,-71.30789021651293,46.76737178277124,L,Crew at work,62,NA,5701,,20260602142005,2026-06-02 18:30:39
455,2026-06-02 10:14:52,,I,Interruption,-74.52220162567885,46.14284532091568,L,Crew at work,62,NA,7305,,20260602142005,2026-06-02 18:30:39
1,2026-06-02 10:19:47,,I,Interruption,-72.80279228910543,45.02235027047413,L,Crew at work,62,NA,2348,,20260602142005,2026-06-02 18:30:39
32,2026-06-02 12:57:38,2026-06-02 16:00:00,I,Interruption,-71.26502196638242,46.770321446174,L,Crew at work,77,NA,5769,,20260602142005,2026-06-02 18:30:39
61,2026-06-02 08:06:03,,I,Interruption,-73.5937243561218,45.51708332679892,L,Crew at work,77,NA,1000,,20260602142005,2026-06-02 18:30:39
76,2026-06-02 08:14:37,2026-06-02 16:15:00,I,Interruption,-70.45004933183195,47.62517107899261,L,Crew at work,77,NA,6990,,20260602142005,2026-06-02 18:30:39
50,2026-06-02 08:56:29,2026-06-02 15:00:00,I,Interruption,-76.01131252364067,45.72763723938115,L,Crew at work,77,NA,8575,,20260602142005,2026-06-02 18:30:39
135,2026-06-02 11:18:43,2026-06-02 15:30:00,I,Interruption,-74.16953167252127,45.89066329108055,L,Crew at work,77,NA,8065,,20260602142005,2026-06-02 18:30:39
1,2026-05-31 18:07:42,,P,Outage,-76.69052372769907,45.73522808214811,R,Crew en route,51,Vegetation damage,2432,,20260602142005,2026-06-02 18:30:39
16,2026-06-02 13:07:28,2026-06-02 17:15:00,I,Interruption,-73.16960413287731,45.98343909370636,L,Crew at work,60,NA,5775,,20260602142005,2026-06-02 18:30:39
1,2026-06-02 12:30:20,2026-06-02 16:45:00,P,Outage,-71.51802623395818,48.703533704047345,L,Crew at work,,NA,4008,,20260602142005,2026-06-02 18:30:39
4,2026-06-02 13:24:33,2026-06-02 15:30:00,P,Outage,-73.73900247235464,45.22054821754985,R,Crew en route,,NA,8245,,20260602142005,2026-06-02 18:30:39
1,2026-05-29 19:13:11,,P,Outage,-75.92533065121889,45.857018351788184,R,Crew en route,,NA,4461,,20260602142005,2026-06-02 18:30:39
74,2026-06-02 09:20:40,2026-06-02 17:15:00,P,Outage,-70.63301228657014,45.6865502085037,L,Crew at work,,NA,5524,,20260602142005,2026-06-02 18:30:39
118,2026-06-02 13:21:20,2026-06-02 15:15:00,P,Outage,-75.848879809251045,46.595368262574574,R,Crew en route,,NA,5766,,20260602142005,2026-06-02 18:30:39
29,2026-05-31 11:05:50,2026-06-02 18:15:00,P,Outage,-77.24296466165869,45.96473357097037,R,Crew en route,,NA,5750,,20260602142005,2026-06-02 18:30:39
3,2026-06-02 13:26:09,2026-06-02 15:30:00,P,Outage,-71.34841864512619,46.82971809626632,L,Crew at work,,NA,5411,,20260602142005,2026-06-02 18:30:39
2,2026-06-02 13:48:38,2026-06-02 15:45:00,P,Outage,-72.44644238831994,45.6447018903047,R,Crew en route,,NA,8599,,20260602142005,2026-06-02 18:30:39
3,2026-06-02 13:48:39,2026-06-02 15:45:00,P,Outage,-72.24238183999279,48.8135613855994,L,Crew at work,,NA,4689,,20260602142005,2026-06-02 18:30:39
26,2026-06-02 13:43:08,2026-06-02 15:45:00,P,Outage,-71.9210812129995,46.9054823814729,L,Crew at work,,NA,7395,,20260602142005,2026-06-02 18:30:39
35,2026-06-02 12:11:06,2026-06-02 20:15:00,P,Outage,-73.7533969780973,45.852561500712845,L,Crew at work,,NA,5820,,20260602142005,2026-06-02 18:30:39
6,2026-06-02 13:43:38,2026-06-02 15:45:00,P,Outage,-72.8435796577108,45.24827482309953,L,Crew at work,,NA,1026,,20260602142005,2026-06-02 18:30:39
1,2026-06-02 14:15:00,,P,Outage,-74.29251851504958,45.46444838910868,N,NA,,NA,5509,,20260602142005,2026-06-02 18:30:39
9,2026-06-02 13:58:11,2026-06-02 16:00:00,P,Outage,-73.35576343907215,45.538775602466615,N,NA,,NA,6210,,20260602142005,2026-06-02 18:30:39
27,2026-06-02 14:00:26,2026-06-02 16:45:00,P,Outage,-73.64105459634014,45.592378562639055,L,Crew at work,,NA,0111,,20260602142005,2026-06-02 18:30:39
133,2026-06-02 11:14:31,,P,Outage,-73.73906192164449,45.53998732819421,R,Crew en route,,NA,1856,,20260602142005,2026-06-02 18:30:39
17,2026-06-02 08:17:33,,P,Outage,-79.01169407255864,48.2294398053677,L,Crew at work,,NA,5647,,20260602142005,2026-06-02 18:30:39
373,2026-06-02 09:30:53,,P,Outage,-75.10135928553319,45.78337838950663,L,Crew at work,,NA,5518,,20260602142005,2026-06-02 18:30:39
51,2026-06-02 10:03:19,,P,Outage,-76.52965648183799,45.79364983916343,R,Crew en route,,NA,4395,,20260602142005,2026-06-02 18:30:39
9,2026-06-02 10:38:17,2026-06-02 14:30:00,P,Outage,-73.48947603351326,45.48245229926232,R,Crew en route,,NA,7335,,20260602142005,2026-06-02 18:30:39
8,2026-06-02 10:38:49,2026-06-02 15:15:00,P,Outage,-73.38286413176588,46.301028606680696,L,Crew at work,,NA,6804,,20260602142005,2026-06-02 18:30:39
10,2026-06-02 11:48:22,,P,Outage,-73.26477375738483,45.17895116408033,R,Crew en route,,NA,7824,,20260602142005,2026-06-02 18:30:39
44,2026-06-02 10:27:30,,P,Outage,-75.91158069936377,45.63165457639742,L,Crew at work,,NA,8575,,20260602142005,2026-06-02 18:30:39
2,2026-05-31 15:49:30,,P,Outage,-76.6443899018215,45.85676440250268,N,NA,,NA,4539,,20260602142005,2026-06-02 18:30:39
68,2026-06-02 10:48:46,,P,Outage,-73.44629398181627,45.580307245271534,R,Crew en route,,NA,1460,,20260602142005,2026-06-02 18:30:39
3,2026-06-02 02:57:42,,P,Outage,-77.26539051393485,45.99738564588003,R,Crew en route,,NA,5750,,20260602142005,2026-06-02 18:30:39
237,2026-06-02 17:08:02,,P,Outage,-73.71163086509551,45.46373028374139,L,Crew at work,44,Accident or incident,0121,,20260602172007,2026-06-02 21:32:18
15,2026-06-02 11:39:56,2026-06-02 19:15:00,P,Outage,-72.59541820594374,45.331922302830996,L,Crew at work,44,Accident or incident,5742,,20260602172007,2026-06-02 21:32:18
1,2026-06-02 00:41:56,2026-06-02 21:15:00,P,Outage,-73.57740717292513,45.61664814678614,R,Crew en route,54,Accident or incident,0201,,20260602172007,2026-06-02 21:32:18
1,2026-06-02 16:44:27,2026-06-02 18:45:00,P,Outage,-73.43367773524062,45.55843308578029,L,Crew at work,58,Equipment failure,1460,,20260602172007,2026-06-02 21:32:18
36,2026-06-02 12:54:12,,I,Interruption,-75.72252055286336,45.42907427753599,L,Crew at work,61,NA,2642,,20260602172007,2026-06-02 21:32:18
11,2026-06-02 13:36:15,,I,Interruption,-73.33259534649336,45.521288240236856,L,Crew at work,61,NA,6210,,20260602172007,2026-06-02 21:32:18
71,2026-06-02 08:40:04,,I,Interruption,-73.86183260339499,45.46116404075524,A,Work assigned,61,NA,0235,,20260602172007,2026-06-02 21:32:18
10,2026-06-02 14:54:45,,P,Outage,-72.00766854586587,45.57145978929026,R,Crew en route,34,Accident or incident,9486,,20260602172007,2026-06-02 21:32:18
13,2026-06-02 16:02:42,2026-06-02 18:00:00,I,Interruption,-73.33180810116538,45.52024598484233,L,Crew at work,62,NA,6210,,20260602172007,2026-06-02 21:32:18
35,2026-06-02 15:09:35,2026-06-02 20:00:00,P,Outage,-78.10213767614805,48.581111899654495,L,Crew at work,33,Accident or incident,1065,,20260602172007,2026-06-02 21:32:18
720,2026-06-02 16:43:54,2026-06-02 17:45:00,P,Outage,-73.49126877167971,45.481572807957015,L,Crew at work,51,Vegetation damage,7335,,20260602172007,2026-06-02 21:32:18
45,2026-06-02 17:07:02,2026-06-02 19:00:00,P,Outage,-73.73011015648817,45.53938879981691,L,Crew at work,51,Vegetation damage,1856,,20260602172007,2026-06-02 21:32:18
12,2026-06-02 14:26:05,2026-06-02 21:30:00,P,Outage,-73.7280377368966,45.5946199050964,L,Crew at work,51,Vegetation damage,9404,,20260602172007,2026-06-02 21:32:18
16,2026-06-02 13:07:28,,I,Interruption,-73.16960413287731,45.98343909370636,L,Crew at work,60,NA,5775,,20260602172007,2026-06-02 21:32:18
8,2026-06-02 16:29:51,2026-06-02 18:30:00,P,Outage,-73.88292821919136,45.67624968708394,A,Work assigned,,NA,1413,,20260602172007,2026-06-02 21:32:18
42,2026-06-02 15:48:19,2026-06-02 19:00:00,P,Outage,-73.23722408965065,45.55277200913081,N,NA,,NA,4602,,20260602172007,2026-06-02 21:32:18
1,2026-06-02 14:47:40,2026-06-02 23:15:00,P,Outage,-72.67928787802171,46.31716788199189,L,Crew at work,,NA,3987,,20260602172007,2026-06-02 21:32:18
4,2026-06-02 16:28:08,2026-06-02 18:30:00,P,Outage,-73.87704566820526,46.085170128364474,A,Work assigned,,NA,1814,,20260602172007,2026-06-02 21:32:18
6,2026-06-02 16:47:26,2026-06-02 18:45:00,P,Outage,-73.0624561295812,45.440000215994424,N,NA,,NA,5638,,20260602172007,2026-06-02 21:32:18
3,2026-06-02 16:49:20,2026-06-02 18:45:00,P,Outage,-70.74510164211556,48.35162394890967,R,Crew en route,,NA,5329,,20260602172007,2026-06-02 21:32:18
2,2026-06-02 16:47:29,2026-06-02 18:45:00,P,Outage,-72.16924879913493,45.113731693949184,N,NA,,NA,8356,,20260602172007,2026-06-02 21:32:18
12,2026-06-02 17:11:54,,P,Outage,-73.56325304148332,45.60792025816811,N,NA,,NA,0201,,20260602172007,2026-06-02 21:32:18
118,2026-06-02 13:21:20,2026-06-02 19:15:00,P,Outage,-75.848879809251045,46.595368262574574,L,Crew at work,,NA,5766,,20260602172007,2026-06-02 21:32:18
35,2026-06-02 12:11:06,2026-06-02 20:15:00,P,Outage,-73.7533969780973,45.852561500712845,L,Crew at work,,NA,5820,,20260602172007,2026-06-02 21:32:18
3,2026-06-02 16:27:53,2026-06-02 18:30:00,P,Outage,-72.79911547423535,46.08834223768196,N,NA,,NA,5227,,20260602172007,2026-06-02 21:32:18
3,2026-06-02 16:05:38,2026-06-02 17:45:00,P,Outage,-71.37444759937274,47.02650297906709,L,Crew at work,,NA,9070,,20260602172007,2026-06-02 21:32:18
1,2026-06-02 16:05:08,2026-06-02 18:00:00,P,Outage,-72.12818361821215,46.07031928856872,N,NA,,NA,8257,,20260602172007,2026-06-02 21:32:18
5,2026-06-02 15:42:41,2026-06-02 17:45:00,P,Outage,-64.76620614806922,50.27770994708423,L,Crew at work,,NA,5533,,20260602172007,2026-06-02 21:32:18
256,2026-06-02 14:56:08,2026-06-02 18:00:00,P,Outage,-73.79361502860654,45.60458509873167,R,Crew en route,,NA,8389,,20260602172007,2026-06-02 21:32:18
1,2026-06-02 16:22:20,2026-06-02 18:15:00,P,Outage,-72.88105410578683,45.30249291605721,N,NA,,NA,1077,,20260602172007,2026-06-02 21:32:18
2,2026-05-31 15:49:30,,P,Outage,-76.6443899018215,45.85676440250268,N,NA,,NA,4539,,20260602172007,2026-06-02 21:32:18
3,2026-06-02 02:57:42,2026-06-02 19:15:00,P,Outage,-77.26539051393485,45.99738564588003,R,Crew en route,,NA,5750,,20260602172007,2026-06-02 21:32:18
16,2026-06-02 13:07:28,2026-06-02 19:45:00,I,Interruption,-73.16960413287731,45.98343909370636,L,Crew at work,60,NA,5775,,20260602191009,2026-06-02 23:20:16
8,2026-06-02 16:29:51,,P,Outage,-73.88292821919136,45.67624968708394,A,Work assigned,,NA,1413,,20260602191009,2026-06-02 23:20:16
42,2026-06-02 17:26:20,2026-06-02 23:15:00,P,Outage,-73.23722408965065,45.55277200913081,L,Crew at work,34,Accident or incident,4602,,20260602191009,2026-06-02 23:20:16
93,2026-06-02 18:22:29,2026-06-02 19:45:00,P,Outage,-77.26103882826665,45.99493415262073,L,Crew at work,51,Vegetation damage,5750,,20260602191009,2026-06-02 23:20:16
20,2026-06-02 17:08:02,,P,Outage,-73.7093515873931,45.47005635854529,A,Work assigned,34,Accident or incident,0105,,20260602191009,2026-06-02 23:20:16
1,2026-06-02 14:47:40,2026-06-02 23:15:00,P,Outage,-72.67928787802171,46.31716788199189,L,Crew at work,,NA,3987,,20260602191009,2026-06-02 23:20:16
4,2026-06-02 16:28:08,,P,Outage,-73.87704566820526,46.085170128364474,A,Work assigned,,NA,1814,,20260602191009,2026-06-02 23:20:16
3,2026-06-02 16:49:20,2026-06-02 20:15:00,P,Outage,-70.74510164211556,48.35162394890967,R,Crew en route,,NA,5329,,20260602191009,2026-06-02 23:20:16
2,2026-06-02 16:47:29,,P,Outage,-72.16924879913493,45.113731693949184,A,Work assigned,,NA,8356,,20260602191009,2026-06-02 23:20:16
5,2026-06-02 17:23:34,2026-06-02 19:30:00,P,Outage,-72.27608286293132,45.227176340308894,N,NA,,NA,1159,,20260602191009,2026-06-02 23:20:16
8,2026-06-02 17:32:26,2026-06-02 19:30:00,P,Outage,-72.75672379639748,46.51334786396425,R,Crew en route,,NA,5736,,20260602191009,2026-06-02 23:20:16
11,2026-06-02 13:36:15,2026-06-02 20:15:00,I,Interruption,-73.33259534649336,45.521288240236856,L,Crew at work,61,NA,6210,,20260602191009,2026-06-02 23:20:16
12,2026-06-02 17:11:54,2026-06-02 19:15:00,P,Outage,-73.56325304148332,45.60792025816811,N,NA,,NA,0201,,20260602191009,2026-06-02 23:20:16
4,2026-06-02 17:49:28,2026-06-02 21:00:00,P,Outage,-72.79812264618536,45.040066881859474,L,Crew at work,54,Accident or incident,2348,,20260602191009,2026-06-02 23:20:16
6,2026-06-02 17:51:45,2026-06-02 19:45:00,P,Outage,-73.7377848401722,45.485836457349684,N,NA,,NA,0121,,20260602191009,2026-06-02 23:20:16
6,2026-06-02 18:53:39,,P,Outage,-72.44119636590294,45.86975277130057,R,Crew en route,,NA,9467,,20260602191009,2026-06-02 23:20:16
4,2026-06-02 18:50:27,,P,Outage,-73.16196060224394,45.338869646550734,A,Work assigned,,NA,6918,,20260602191009,2026-06-02 23:20:16
1,2026-06-02 00:41:56,2026-06-02 21:15:00,P,Outage,-73.57740717292513,45.61664814678614,R,Crew en route,54,Accident or incident,0201,,20260602191009,2026-06-02 23:20:16
35,2026-06-02 12:11:06,2026-06-02 20:15:00,P,Outage,-73.7533969780973,45.852561500712845,L,Crew at work,,NA,5820,,20260602191009,2026-06-02 23:20:16
25,2026-06-02 18:26:40,2026-06-02 21:15:00,P,Outage,-71.39430966345465,48.57135363670248,L,Crew at work,51,Vegetation damage,5949,,20260602191009,2026-06-02 23:20:16
1,2026-06-02 18:56:49,,P,Outage,-79.19327862553453,48.81125894820501,N,NA,,NA,3963,,20260602191009,2026-06-02 23:20:16
3,2026-06-02 18:57:16,,P,Outage,-72.758625655983,45.20214917068457,A,Work assigned,,NA,1982,,20260602191009,2026-06-02 23:20:16
13,2026-06-02 16:02:42,2026-06-02 20:15:00,I,Interruption,-73.33180810116538,45.52024598484233,L,Crew at work,62,NA,6210,,20260602191009,2026-06-02 23:20:16
8,2026-06-02 18:37:23,2026-06-02 20:15:00,P,Outage,-73.38286413176588,46.301028606680696,L,Crew at work,51,Vegetation damage,6804,,20260602191009,2026-06-02 23:20:16
10,2026-06-02 14:54:45,,P,Outage,-72.00766854586587,45.57145978929026,R,Crew en route,34,Accident or incident,9486,,20260602191009,2026-06-02 23:20:16
35,2026-06-02 15:09:35,2026-06-02 20:00:00,P,Outage,-78.10213767614805,48.581111899654495,L,Crew at work,33,Accident or incident,1065,,20260602191009,2026-06-02 23:20:16
1,2026-06-02 16:05:08,,P,Outage,-72.12818361821215,46.07031928856872,R,Crew en route,,NA,8257,,20260602191009,2026-06-02 23:20:16
71,2026-06-02 08:40:04,2026-06-02 20:45:00,I,Interruption,-73.86183260339499,45.46116404075524,L,Crew at work,61,NA,0235,,20260602191009,2026-06-02 23:20:16
12,2026-06-02 14:26:05,2026-06-02 21:30:00,P,Outage,-73.7280377368966,45.5946199050964,L,Crew at work,51,Vegetation damage,9404,,20260602191009,2026-06-02 23:20:16
15,2026-06-02 11:39:56,2026-06-02 22:15:00,P,Outage,-72.59541820594374,45.331922302830996,L,Crew at work,44,Accident or incident,5742,,20260602191009,2026-06-02 23:20:16
2,2026-05-31 15:49:30,,P,Outage,-76.6443899018215,45.85676440250268,N,NA,,NA,4539,,20260602191009,2026-06-02 23:20:16
